<modification>

	<id>Icons for list and grid</id>
	<version>1.5.0.5 To 1.5.2.+</version>
	<vqmver>2.0</vqmver>
	<author>LeorLindel</author>

	<file name="catalog/view/theme/*/template/product/category.tpl">
		<operation>
			<search position="replace"><![CDATA[
<div class="display"><b><?php echo $text_display; ?></b> <?php echo $text_list; ?> <b>/</b> <a onclick="display('grid');"><?php echo $text_grid; ?></a></div>
			]]></search>
			<add><![CDATA[
<div class="display"><b><?php echo $text_display; ?></b>&nbsp;<img src="catalog/view/theme/default/image/product-list.png" alt="<?php echo $text_list; ?>" title="<?php echo $text_list; ?>" />&nbsp;<a onclick="display('grid');"><img src="catalog/view/theme/default/image/product-grid.png" alt="<?php echo $text_grid; ?>" title="<?php echo $text_grid; ?>" /></a></div>
			]]></add>
		</operation>
		<operation>
			<search position="replace"><![CDATA[
$('.display').html('<b><?php echo $text_display; ?></b> <?php echo $text_list; ?> <b>/</b> <a onclick="display(\'grid\');"><?php echo $text_grid; ?></a>');
			]]></search>
			<add><![CDATA[
$('.display').html('<b><?php echo $text_display; ?></b>&nbsp;<img src="catalog/view/theme/default/image/product-list.png" alt="<?php echo $text_list; ?>" title="<?php echo $text_list; ?>" /><a onclick="display(\'grid\');">&nbsp;<img src="catalog/view/theme/default/image/product-grid.png" alt="<?php echo $text_grid; ?>" title="<?php echo $text_grid; ?>" /></a>');
			]]></add>
		</operation>
		<operation>
			<search position="replace"><![CDATA[
$('.display').html('<b><?php echo $text_display; ?></b> <a onclick="display(\'list\');"><?php echo $text_list; ?></a> <b>/</b> <?php echo $text_grid; ?>');
			]]></search>
			<add><![CDATA[
$('.display').html('<b><?php echo $text_display; ?></b>&nbsp;<img src="catalog/view/theme/default/image/product-list.png" alt="<?php echo $text_list; ?>" title="<?php echo $text_list; ?>" onclick="display(\'list\');"/>&nbsp;<img src="catalog/view/theme/default/image/product-grid.png" alt="<?php echo $text_grid; ?>" title="<?php echo $text_grid; ?>"/><a onclick="display(\'list\');">');			]]></add>
		</operation>
	</file>

	<file name="catalog/view/theme/*/template/product/manufacturer_info.tpl">
		<operation>
			<search position="replace"><![CDATA[
<div class="display"><b><?php echo $text_display; ?></b> <?php echo $text_list; ?> <b>/</b> <a onclick="display('grid');"><?php echo $text_grid; ?></a></div>
			]]></search>
			<add><![CDATA[
<div class="display"><b><?php echo $text_display; ?></b>&nbsp;<img src="catalog/view/theme/default/image/product-list.png" alt="<?php echo $text_list; ?>" title="<?php echo $text_list; ?>" />&nbsp;<a onclick="display('grid');"><img src="catalog/view/theme/default/image/product-grid.png" alt="<?php echo $text_grid; ?>" title="<?php echo $text_grid; ?>" /></a></div>
			]]></add>
		</operation>
		<operation>
			<search position="replace"><![CDATA[
$('.display').html('<b><?php echo $text_display; ?></b> <?php echo $text_list; ?> <b>/</b> <a onclick="display(\'grid\');"><?php echo $text_grid; ?></a>');
			]]></search>
			<add><![CDATA[
$('.display').html('<b><?php echo $text_display; ?></b>&nbsp;<img src="catalog/view/theme/default/image/product-list.png" alt="<?php echo $text_list; ?>" title="<?php echo $text_list; ?>" /><a onclick="display(\'grid\');">&nbsp;<img src="catalog/view/theme/default/image/product-grid.png" alt="<?php echo $text_grid; ?>" title="<?php echo $text_grid; ?>" /></a>');
			]]></add>
		</operation>
		<operation>
			<search position="replace"><![CDATA[
$('.display').html('<b><?php echo $text_display; ?></b> <a onclick="display(\'list\');"><?php echo $text_list; ?></a> <b>/</b> <?php echo $text_grid; ?>');
			]]></search>
			<add><![CDATA[
$('.display').html('<b><?php echo $text_display; ?></b>&nbsp;<img src="catalog/view/theme/default/image/product-list.png" alt="<?php echo $text_list; ?>" title="<?php echo $text_list; ?>" onclick="display(\'list\');"/>&nbsp;<img src="catalog/view/theme/default/image/product-grid.png" alt="<?php echo $text_grid; ?>" title="<?php echo $text_grid; ?>"/><a onclick="display(\'list\');">');			]]></add>
		</operation>
	</file>

	<file name="catalog/view/theme/*/template/product/search.tpl">
		<operation>
			<search position="replace"><![CDATA[
<div class="display"><b><?php echo $text_display; ?></b> <?php echo $text_list; ?> <b>/</b> <a onclick="display('grid');"><?php echo $text_grid; ?></a></div>
			]]></search>
			<add><![CDATA[
<div class="display"><b><?php echo $text_display; ?></b>&nbsp;<img src="catalog/view/theme/default/image/product-list.png" alt="<?php echo $text_list; ?>" title="<?php echo $text_list; ?>" />&nbsp;<a onclick="display('grid');"><img src="catalog/view/theme/default/image/product-grid.png" alt="<?php echo $text_grid; ?>" title="<?php echo $text_grid; ?>" /></a></div>
			]]></add>
		</operation>
		<operation>
			<search position="replace"><![CDATA[
$('.display').html('<b><?php echo $text_display; ?></b> <?php echo $text_list; ?> <b>/</b> <a onclick="display(\'grid\');"><?php echo $text_grid; ?></a>');
			]]></search>
			<add><![CDATA[
$('.display').html('<b><?php echo $text_display; ?></b>&nbsp;<img src="catalog/view/theme/default/image/product-list.png" alt="<?php echo $text_list; ?>" title="<?php echo $text_list; ?>" /><a onclick="display(\'grid\');">&nbsp;<img src="catalog/view/theme/default/image/product-grid.png" alt="<?php echo $text_grid; ?>" title="<?php echo $text_grid; ?>" /></a>');
			]]></add>
		</operation>
		<operation>
			<search position="replace"><![CDATA[
$('.display').html('<b><?php echo $text_display; ?></b> <a onclick="display(\'list\');"><?php echo $text_list; ?></a> <b>/</b> <?php echo $text_grid; ?>');
			]]></search>
			<add><![CDATA[
$('.display').html('<b><?php echo $text_display; ?></b>&nbsp;<img src="catalog/view/theme/default/image/product-list.png" alt="<?php echo $text_list; ?>" title="<?php echo $text_list; ?>" onclick="display(\'list\');"/>&nbsp;<img src="catalog/view/theme/default/image/product-grid.png" alt="<?php echo $text_grid; ?>" title="<?php echo $text_grid; ?>"/><a onclick="display(\'list\');">');			]]></add>
		</operation>
	</file>

	<file name="catalog/view/theme/*/template/product/special.tpl">
		<operation>
			<search position="replace"><![CDATA[
<div class="display"><b><?php echo $text_display; ?></b> <?php echo $text_list; ?> <b>/</b> <a onclick="display('grid');"><?php echo $text_grid; ?></a></div>
			]]></search>
			<add><![CDATA[
<div class="display"><b><?php echo $text_display; ?></b>&nbsp;<img src="catalog/view/theme/default/image/product-list.png" alt="<?php echo $text_list; ?>" title="<?php echo $text_list; ?>" />&nbsp;<a onclick="display('grid');"><img src="catalog/view/theme/default/image/product-grid.png" alt="<?php echo $text_grid; ?>" title="<?php echo $text_grid; ?>" /></a></div>
			]]></add>
		</operation>
		<operation>
			<search position="replace"><![CDATA[
$('.display').html('<b><?php echo $text_display; ?></b> <?php echo $text_list; ?> <b>/</b> <a onclick="display(\'grid\');"><?php echo $text_grid; ?></a>');
			]]></search>
			<add><![CDATA[
$('.display').html('<b><?php echo $text_display; ?></b>&nbsp;<img src="catalog/view/theme/default/image/product-list.png" alt="<?php echo $text_list; ?>" title="<?php echo $text_list; ?>" /><a onclick="display(\'grid\');">&nbsp;<img src="catalog/view/theme/default/image/product-grid.png" alt="<?php echo $text_grid; ?>" title="<?php echo $text_grid; ?>" /></a>');
			]]></add>
		</operation>
		<operation>
			<search position="replace"><![CDATA[
$('.display').html('<b><?php echo $text_display; ?></b> <a onclick="display(\'list\');"><?php echo $text_list; ?></a> <b>/</b> <?php echo $text_grid; ?>');
			]]></search>
			<add><![CDATA[
$('.display').html('<b><?php echo $text_display; ?></b>&nbsp;<img src="catalog/view/theme/default/image/product-list.png" alt="<?php echo $text_list; ?>" title="<?php echo $text_list; ?>" onclick="display(\'list\');"/>&nbsp;<img src="catalog/view/theme/default/image/product-grid.png" alt="<?php echo $text_grid; ?>" title="<?php echo $text_grid; ?>"/><a onclick="display(\'list\');">');			]]></add>
		</operation>
	</file>

</modification>